timestamp,open,high,low,close,volume,trades
2020-01-01,100.0,101.3994,98.6006,100.0,1280253,11520
2020-01-02,100.3491,101.1815,99.9543,100.785,1271792,12629
2020-01-03,100.5153,101.9592,99.1911,100.6335,1064527,14473
2020-01-04,101.507,101.9173,101.3061,101.716,808020,8072
2020-01-05,101.9317,104.7579,101.3988,104.2131,829491,9098
2020-01-06,105.1132,105.5719,103.5212,103.9749,1022112,10350
2020-01-07,103.4431,104.0275,103.1769,103.7605,502492,8310
2020-01-08,103.5098,108.1999,101.8806,106.5233,635506,5248
2020-01-09,107.081,109.8556,105.2778,108.0364,863456,11474
2020-01-10,107.9431,108.897,106.5316,107.4814,1195889,7826
2020-01-11,108.223,109.3699,107.546,108.69,1126123,11618
2020-01-12,108.3909,109.1189,107.4581,108.1847,993637,12313
2020-01-13,107.9843,108.8176,106.8677,107.6988,148155,8038
2020-01-14,107.5036,109.6915,106.2999,108.4769,620294,10423
2020-01-15,108.6649,108.7159,105.4093,105.4588,1145450,10880
2020-01-16,105.9841,106.5074,102.3494,102.8572,539440,6840
2020-01-17,103.2945,103.6546,101.9519,102.3086,902726,8870
2020-01-18,102.5039,102.9447,100.5781,101.0125,1319468,12074
2020-01-19,100.9133,102.0659,100.841,101.9929,990128,11405
2020-01-20,102.3665,102.4491,100.826,100.9075,1023850,6122
2020-01-21,101.0823,102.0911,97.9971,98.985,135705,9855
2020-01-22,99.5335,103.0221,98.4984,101.9618,1184530,8815
2020-01-23,102.9375,103.1338,101.9146,102.1093,1068348,12081
2020-01-24,102.1861,103.1674,101.8131,102.7922,1723503,13502
2020-01-25,103.3322,104.4746,99.7317,100.8466,1357114,13063
2020-01-26,101.6702,102.8357,99.3383,100.4903,1096505,8973
2020-01-27,100.6555,101.6275,100.332,101.302,1126896,13861
2020-01-28,101.1783,102.1538,98.9319,99.895,1359108,9340
2020-01-29,100.2452,101.5109,99.9469,101.2098,1415699,11778
2020-01-30,101.1222,101.1379,100.7954,100.8111,671745,5478
2020-01-31,100.3842,101.9839,99.389,100.9828,361955,5531
2020-02-01,101.8119,102.84,99.5941,100.61,800170,13505
2020-02-02,100.4466,107.3088,97.9361,104.6922,1692191,10681
2020-02-03,105.2274,108.0171,102.6602,105.4446,1423508,13245
2020-02-04,105.8945,106.6982,103.4311,104.2221,1087331,10645
2020-02-05,103.8292,106.8921,103.5378,106.593,492425,7265
2020-02-06,106.0048,106.1955,104.867,105.056,1422543,13949
2020-02-07,104.5361,107.3071,103.5527,106.307,713106,8116
2020-02-08,105.7923,105.9038,103.2294,103.3383,602542,6809
2020-02-09,102.5152,102.9668,101.2132,101.661,995707,11083
2020-02-10,102.3544,103.026,102.2262,102.8971,872297,9606
2020-02-11,102.9223,105.2457,102.8805,105.203,792118,7634
2020-02-12,106.1233,107.7864,104.8033,106.4622,799141,7558
2020-02-13,106.3052,108.5138,104.9788,107.1765,802427,9570
2020-02-14,108.326,109.6125,106.2554,107.5325,1097122,11753
2020-02-15,107.4329,107.5723,105.3676,105.5045,1015212,9782
2020-02-16,106.6706,107.2653,104.4499,105.0354,593878,7792
2020-02-17,104.6134,106.8153,102.8986,105.0927,1516208,11473
2020-02-18,105.9484,108.6132,105.5467,108.203,941770,8545
2020-02-19,107.8517,111.2883,106.5317,109.9427,1015298,8536
2020-02-20,109.0874,109.4483,106.9179,107.2728,1251227,7268
2020-02-21,107.9313,110.2965,106.6257,108.9782,1503641,13356
2020-02-22,108.9478,109.8376,108.3395,109.2277,1026326,11209
2020-02-23,109.3202,110.8657,107.3265,108.8656,971235,8048
2020-02-24,109.5384,112.4442,108.343,111.2303,1186419,8747
2020-02-25,111.905,114.7252,111.7464,114.5629,1697380,14273
2020-02-26,114.3858,117.9404,114.2331,117.7831,955219,11192
2020-02-27,117.3202,118.882,115.4699,117.0278,453921,8285
2020-02-28,115.768,117.9485,115.3182,117.492,1753416,13754
2020-02-29,117.5401,119.5547,117.4238,119.4366,1279915,10819
2020-03-01,119.6287,123.7515,118.8295,122.9303,1298949,11144
2020-03-02,123.26,124.3675,121.905,123.0102,1012233,10042
2020-03-03,123.3021,123.8326,123.2713,123.8016,1250759,14034
2020-03-04,123.808,125.4322,120.7405,122.3455,683254,7805
2020-03-05,122.2311,122.3004,120.6162,120.6845,1161955,10668
2020-03-06,120.7234,126.2918,118.3386,123.8453,720631,8314
2020-03-07,124.2167,130.3915,122.3153,128.4256,1371677,11431
2020-03-08,128.5211,129.9693,128.0879,129.5326,823432,8512
2020-03-09,129.643,133.6305,129.4348,133.4163,1002854,10888
2020-03-10,134.0497,137.7246,132.0592,135.7094,239776,8067
2020-03-11,135.5569,137.1431,133.7316,135.3149,466240,8414
2020-03-12,134.9248,141.1961,131.4289,137.63,839922,9983
2020-03-13,137.7562,143.2321,137.7351,143.2101,1181182,11145
2020-03-14,144.0669,144.7389,143.8385,144.5098,996673,8116
2020-03-15,143.8705,150.693,143.6217,150.4328,1515728,9834
2020-03-16,151.5394,151.8566,143.7069,144.0084,807345,11116
2020-03-17,145.3232,148.756,144.338,147.7543,856654,13597
2020-03-18,148.3026,149.8619,147.8587,149.4147,1393550,15090
2020-03-19,148.8519,150.6167,148.1672,149.927,796845,13010
2020-03-20,149.6532,151.8787,149.3768,151.5987,596544,6039
2020-03-21,151.1008,152.6827,145.4314,146.9701,1166997,13206
2020-03-22,147.702,148.8198,146.5459,147.6634,577051,10887
2020-03-23,147.4782,152.0391,145.5194,150.0462,1168482,11754
2020-03-24,149.5634,157.2553,148.1757,155.8096,1027928,10676
2020-03-25,156.2052,157.0461,154.7245,155.5619,1329394,10917
2020-03-26,154.7493,157.7922,151.3588,154.3947,1621058,10898
2020-03-27,154.181,154.655,153.6881,154.162,1245827,12950
2020-03-28,154.0332,158.7107,153.5979,158.2635,928308,12856
2020-03-29,158.845,161.6649,157.7921,160.6003,1354497,12134
2020-03-30,160.9212,161.9694,159.1607,160.2042,847899,10412
2020-03-31,160.2213,163.6103,159.7265,163.1066,1516855,13065
2020-04-01,163.5678,167.5863,160.6877,164.6866,1239010,11957
2020-04-02,165.2409,169.3337,165.0121,169.0996,639159,7777
2020-04-03,168.6087,169.6011,167.0175,168.0064,1505223,13315
2020-04-04,168.3799,170.3948,166.126,168.138,823044,8847
2020-04-05,167.4781,169.1172,166.3924,168.0279,963788,10658
2020-04-06,167.6604,168.8715,163.1564,164.3436,892587,12916
2020-04-07,164.5282,167.9562,162.9938,166.4044,576488,4360
2020-04-08,167.4549,169.2722,166.5307,168.3432,1775088,12746
2020-04-09,169.6412,173.0444,166.0276,169.4265,1619373,15513
2020-04-10,169.9284,171.2511,168.3688,169.6896,839764,7562
2020-04-11,169.5452,170.3136,165.2603,166.0127,1208933,12955
2020-04-12,167.2392,169.1485,163.7149,165.6056,942344,8278
2020-04-13,165.5372,165.7387,165.2174,165.4188,1463367,13578
2020-04-14,166.9523,168.9909,161.7287,163.7279,1179750,10445
2020-04-15,163.4232,165.8389,161.6439,164.0528,1570173,15937
2020-04-16,163.1344,166.3648,162.9046,166.1308,471912,8005
2020-04-17,165.7437,175.683,163.1005,172.9253,1154818,9708
2020-04-18,170.4419,174.3192,170.395,174.2713,1537525,16010
2020-04-19,173.7465,176.6871,172.932,175.8627,702769,9117
2020-04-20,176.9416,177.1188,176.1375,176.3141,942728,7957
2020-04-21,176.1145,176.7615,169.9273,170.5539,1278209,9784
2020-04-22,170.3227,171.1053,170.2863,171.0687,783299,4068
2020-04-23,171.699,172.3084,171.2159,171.825,1024517,11154
2020-04-24,171.3704,181.7354,170.0093,180.3033,631525,8744
2020-04-25,180.7238,180.7882,180.0959,180.1601,522243,9940
2020-04-26,179.4302,182.0007,179.0703,181.6364,1348264,9709
2020-04-27,182.0259,183.2875,180.6805,181.9416,1053240,9532
2020-04-28,182.0199,183.9714,176.4694,178.3819,127732,6511
2020-04-29,176.2744,184.3132,174.4945,182.4708,1190265,15066
2020-04-30,181.8066,185.6213,181.4741,185.2825,1412566,10770
2020-05-01,184.8352,190.0082,183.0731,188.2139,1040797,13453
2020-05-02,187.9764,188.525,184.7597,185.3004,532658,9429
2020-05-03,185.1332,196.2478,179.2217,190.1753,1090015,8946
2020-05-04,191.2673,191.484,185.2611,185.4712,570648,9691
2020-05-05,187.2084,189.5194,185.1865,187.4944,869144,11907
2020-05-06,188.2938,195.814,187.3811,194.8694,746432,7445
2020-05-07,194.5432,195.3285,190.6261,191.3987,718613,9440
2020-05-08,190.3771,190.4232,189.353,189.3989,1433978,12010
2020-05-09,188.3928,190.4218,187.5859,189.6097,946118,11702
2020-05-10,192.0647,193.178,186.6735,187.7618,1103675,10907
2020-05-11,188.0796,188.6352,181.9155,182.4544,1052304,12896
2020-05-12,183.4943,185.9112,180.0158,182.4185,969612,5604
2020-05-13,183.6014,183.6434,178.7235,178.7644,703248,7506
2020-05-14,179.2531,180.3163,178.8248,179.8865,894155,8687
2020-05-15,181.3394,181.9239,176.1005,176.6699,1369759,14891
2020-05-16,176.2886,181.6497,175.5769,180.9193,997732,8181
2020-05-17,179.8527,181.9888,175.9302,178.0448,862236,9713
2020-05-18,177.8144,178.8576,175.535,176.571,858945,11037
2020-05-19,176.6825,181.8947,173.2568,178.435,706630,7177
2020-05-20,178.5952,179.2214,173.5695,174.1803,1149325,12016
2020-05-21,174.5372,174.9583,173.7979,174.2182,1207320,14836
2020-05-22,173.3693,179.2761,171.45,177.3131,964548,5477
2020-05-23,176.8385,176.9986,171.7744,171.9301,1103831,10900
2020-05-24,171.5557,172.5996,170.6755,171.7185,925683,11106
2020-05-25,170.9154,173.5394,169.0592,171.6751,842287,10827
2020-05-26,173.2529,173.6401,172.6453,173.032,897041,9446
2020-05-27,173.7241,176.532,166.0317,168.7594,685411,6291
2020-05-28,170.2028,170.3806,164.1808,164.3525,954105,9910
2020-05-29,163.5904,165.2259,163.2004,164.833,1298368,12494
2020-05-30,165.658,170.1361,160.2378,164.6897,1204310,9713
2020-05-31,165.1107,167.3787,162.1305,164.3887,967918,11745
2020-06-01,165.4694,168.1831,161.6013,164.2957,1230699,11304
2020-06-02,164.0935,165.4773,160.2039,161.5663,1659292,12944
2020-06-03,162.0118,162.0825,161.0481,161.1184,1509131,11300
2020-06-04,160.5202,162.9089,158.4013,160.7865,817442,9013
2020-06-05,160.2298,162.4832,155.7521,157.9737,977214,6876
2020-06-06,158.0388,163.6611,155.7353,161.3099,911037,8050
2020-06-07,162.3911,165.4362,158.2997,161.3249,1036103,9860
2020-06-08,161.4968,162.7112,156.0563,157.2387,907640,7946
2020-06-09,157.2554,160.6514,154.2657,157.6541,987181,8519
2020-06-10,156.2328,158.7077,151.656,154.0971,1087706,11455
2020-06-11,154.7867,155.5344,154.0389,154.7866,1051943,13484
2020-06-12,154.5788,157.7577,153.2012,156.3642,358939,5356
2020-06-13,155.5924,155.7966,152.8959,153.0968,1024111,9670
2020-06-14,153.2259,154.8572,152.5488,154.1759,676130,11202
2020-06-15,154.1904,155.2824,152.8173,153.9073,1070457,12258
2020-06-16,153.436,155.1909,152.8813,154.6319,658317,8508
2020-06-17,154.471,158.2286,154.2724,158.0255,435611,6080
2020-06-18,158.1518,159.7771,154.4226,156.0261,1380176,10168
2020-06-19,156.3593,157.3698,151.7519,152.7389,1537440,10299
2020-06-20,153.5031,154.5325,148.1532,149.1534,1422335,11611
2020-06-21,149.3476,149.5481,145.6089,145.8047,1244685,12810
2020-06-22,146.7556,149.1954,141.8907,144.2895,1318506,13845
2020-06-23,143.9931,145.5853,142.1911,143.7809,940978,9088
2020-06-24,144.7229,146.7427,141.1133,143.1107,835247,8757
2020-06-25,142.534,145.1498,141.1588,143.7627,1493092,9996
2020-06-26,143.7438,144.1465,142.036,142.435,760081,9648
2020-06-27,142.4247,145.3942,141.6467,144.6043,1004295,9148
2020-06-28,144.5404,145.0752,142.0346,142.5621,922909,12811
2020-06-29,142.3515,148.8919,141.3594,147.8614,902658,11859
2020-06-30,147.7821,148.6903,147.1204,148.0275,530585,5399
2020-07-01,148.1333,150.6998,141.8767,144.378,1675359,14652
2020-07-02,143.0779,143.8543,139.5014,140.2626,766169,7589
2020-07-03,139.9315,142.8459,137.1618,140.0735,1225213,8980
2020-07-04,141.5261,142.8272,136.8712,138.1412,242109,5638
2020-07-05,139.4939,141.209,136.8234,138.5266,1154514,9841
2020-07-06,140.3582,142.4677,136.2459,138.3249,1076651,11318
2020-07-07,138.3927,138.819,136.3543,136.7756,887934,9977
2020-07-08,137.2007,137.7078,132.8463,133.3391,1114846,10515
2020-07-09,133.3049,135.6684,126.0956,128.3717,1384206,10109
2020-07-10,127.9894,129.7485,124.3301,126.0628,362566,13088
2020-07-11,126.2035,126.8544,126.1342,126.7848,1090946,11496
2020-07-12,127.137,127.2509,125.9195,126.0324,944024,9417
2020-07-13,126.7468,127.4992,121.1874,121.911,118857,6906
2020-07-14,121.8996,122.3732,120.6365,121.107,1338207,13586
2020-07-15,121.3535,122.5326,119.6165,120.7902,589978,6696
2020-07-16,121.3659,121.9886,117.031,117.6346,1221840,12141
2020-07-17,117.8886,118.8322,115.9016,116.8368,1229494,13525
2020-07-18,117.0421,118.2946,114.6038,115.8435,995585,8214
2020-07-19,115.412,116.1913,111.4949,112.2528,957459,8202
2020-07-20,111.19,112.1872,110.9529,111.9484,1001901,8375
2020-07-21,112.4732,114.2813,110.2838,112.0857,774478,7334
2020-07-22,112.5505,113.5666,112.3324,113.3469,925345,5619
2020-07-23,112.6445,114.6452,112.577,114.5765,1086390,13153
2020-07-24,112.8467,113.0541,110.3154,110.5186,1546697,15211
2020-07-25,110.2469,111.1368,106.6697,107.5376,708984,9497
2020-07-26,108.1077,111.0911,104.6725,107.6431,1120252,9583
2020-07-27,106.6909,108.5096,105.9497,107.7609,877343,8338
2020-07-28,107.3178,109.1065,106.1148,107.897,1000823,9985
2020-07-29,107.9807,115.9694,107.0897,115.0204,741500,7391
2020-07-30,114.2464,116.2695,113.3104,115.3247,858652,11042
2020-07-31,115.4363,117.9098,114.4541,116.9149,960101,10581
2020-08-01,117.0701,118.8237,116.3878,118.1353,268870,6075
2020-08-02,118.6824,119.8374,117.5366,118.6915,1377952,12067
2020-08-03,118.325,118.699,116.6547,117.0246,1185717,13336
2020-08-04,116.7612,117.8646,116.7605,117.8639,1181059,8017
2020-08-05,117.5395,118.9743,113.7763,115.1823,859038,8999
2020-08-06,116.0188,116.3979,113.4212,113.793,1092408,11706
2020-08-07,114.3843,114.4709,111.796,111.8807,1206838,8890
2020-08-08,112.3383,112.7611,110.8532,111.272,737153,6946
2020-08-09,110.6103,117.5016,108.7933,115.6027,735440,9953
2020-08-10,115.9513,116.5822,109.949,110.5505,952805,9845
2020-08-11,110.96,111.9068,110.3905,111.3354,936430,7693
2020-08-12,111.229,113.9126,104.4809,107.0639,1248192,11202
2020-08-13,107.076,107.6618,104.8256,105.4023,647070,10463
2020-08-14,105.7807,107.5308,105.3169,107.0613,1009461,11393
2020-08-15,106.8718,107.4848,105.9728,106.5842,1033515,13265
2020-08-16,105.8021,105.9765,103.5328,103.7037,1021461,10453
2020-08-17,103.588,105.1313,100.1563,101.6711,520948,5947
2020-08-18,100.8358,102.7111,100.6584,102.5308,1498957,12536
2020-08-19,101.8848,102.5128,99.9127,100.5323,888594,8807
2020-08-20,100.8127,101.9331,99.3795,100.4965,1080359,11398
2020-08-21,101.2907,102.3189,99.1231,100.1397,762443,6297
2020-08-22,100.3732,101.3642,97.4387,98.4103,978384,9252
2020-08-23,97.9994,104.3713,95.9517,102.2351,518460,7961
2020-08-24,102.2385,103.3404,102.0443,103.1443,902884,9153
2020-08-25,102.0036,103.5678,97.0886,98.6006,579677,7365
2020-08-26,98.8907,100.4711,97.0644,98.6408,1140798,14752
2020-08-27,98.7344,99.388,96.3893,97.0317,1134582,10711
2020-08-28,97.2684,100.1837,95.5133,98.408,945936,11169
2020-08-29,97.9374,98.4001,96.1375,96.5938,1451701,12969
2020-08-30,96.5935,97.8013,94.9417,96.1439,1182919,12679
2020-08-31,95.9179,97.1656,95.6629,96.908,871244,9223
2020-09-01,96.7883,98.7503,96.4414,98.3977,816236,10569
2020-09-02,98.0782,99.3742,94.618,95.8849,1426787,10933
2020-09-03,96.368,97.0277,94.4624,95.1136,1246520,7292
2020-09-04,94.5376,95.2284,93.4195,94.1072,1008744,8135
2020-09-05,94.4301,94.5301,92.7043,92.8026,1177359,14839
2020-09-06,93.553,96.0903,93.4554,95.9901,738185,6030
2020-09-07,96.4325,96.8448,96.3095,96.7214,1454292,9369
2020-09-08,96.1157,96.4652,93.9536,94.2965,1266126,10489
2020-09-09,94.3903,96.4333,93.9781,96.0139,1134309,13143
2020-09-10,96.3405,101.2549,95.1916,100.0617,471778,7998
2020-09-11,100.0209,102.5084,99.6731,102.1532,856352,7930
2020-09-12,101.5979,102.7011,98.1161,99.1932,1203982,8722
2020-09-13,99.4226,101.1385,96.6634,98.3609,800062,11388
2020-09-14,98.1325,101.3956,97.6791,100.9292,1239922,10696
2020-09-15,101.647,103.4146,97.9628,99.6964,1296644,11653
2020-09-16,99.2825,101.2671,98.7637,100.7407,1129560,13450
2020-09-17,99.9836,103.5436,98.9318,102.4657,703834,7751
2020-09-18,103.4881,106.7065,97.7275,100.8642,1183267,10549
2020-09-19,101.3119,101.6368,100.6833,101.0072,1541235,13166
2020-09-20,101.3435,101.7708,94.582,94.9824,1254170,10036
2020-09-21,94.46,94.8751,92.9917,93.4022,1236472,12097
2020-09-22,93.3996,94.0242,92.6334,93.257,680862,7630
2020-09-23,93.6529,93.9282,91.0936,91.3621,981997,6874
2020-09-24,91.7689,95.0896,91.241,94.5458,1151984,10859
2020-09-25,94.2336,94.8921,91.7097,92.3551,1126327,11615
2020-09-26,91.3607,92.9841,90.3583,91.975,858978,7569
2020-09-27,91.7947,93.5917,90.8217,92.6101,1188569,12309
2020-09-28,93.1713,95.8008,92.9278,95.5511,896046,9767
2020-09-29,95.7464,96.732,92.4855,93.4474,603080,4970
2020-09-30,93.1534,97.4246,91.7247,95.953,844823,5809
2020-10-01,96.5458,96.6964,96.3307,96.4811,841096,9525
2020-10-02,97.0202,98.4255,93.8799,95.2597,894578,6820
2020-10-03,95.3837,97.5495,94.4644,96.6183,714922,9262
2020-10-04,96.6341,98.2854,95.9012,97.5455,931123,7807
2020-10-05,98.0504,99.8606,95.2802,97.0723,725597,5634
2020-10-06,97.0318,99.2287,95.6252,97.8108,726692,6625
2020-10-07,97.8447,98.5509,97.0594,97.765,1054082,9177
2020-10-08,98.583,99.9443,97.2616,98.6223,611483,9716
2020-10-09,98.0561,101.301,97.2532,100.4783,1465436,10082
2020-10-10,100.9896,104.3279,100.7154,104.0454,1170030,11531
2020-10-11,103.3553,104.4378,101.43,102.5035,1352830,11305
2020-10-12,101.7188,107.6978,101.1957,107.1468,1171834,10734
2020-10-13,106.9678,107.5718,103.6765,104.2652,699722,8451
2020-10-14,104.3826,105.1833,103.9969,104.796,961429,11459
2020-10-15,103.9542,108.5715,102.1354,106.7047,1416620,9498
2020-10-16,106.4363,108.3727,106.1559,108.0879,1091715,9989
2020-10-17,107.7147,108.7982,106.7279,107.8104,754372,8637
2020-10-18,108.1781,109.9363,106.5692,108.3253,829562,9626
2020-10-19,108.5809,108.6634,108.2482,108.3305,1225303,12091
2020-10-20,108.8013,109.7667,107.2171,108.1769,777202,8961
2020-10-21,108.0637,111.8711,106.9042,110.6835,1712578,11990
2020-10-22,110.8516,113.1437,110.0517,112.3332,937645,12594
2020-10-23,112.7224,113.4053,111.3594,112.0382,1522506,16597
2020-10-24,111.7304,115.7266,110.77,114.7403,887694,9347
2020-10-25,113.639,116.3986,113.6232,116.3825,793208,7979
2020-10-26,115.6513,119.9948,114.7109,119.0269,923529,9058
2020-10-27,119.2292,122.0682,118.5489,121.3756,1294407,10809
2020-10-28,120.717,121.8859,119.7206,120.8881,1887789,16928
2020-10-29,120.0888,121.5316,119.5101,120.9488,1170934,11952
2020-10-30,120.8729,123.9776,120.4766,123.5724,1027042,5696
2020-10-31,123.0464,126.2025,122.8308,125.9818,1896726,15218
2020-11-01,126.5625,127.7872,125.9516,127.1734,1127595,11851
2020-11-02,126.4543,129.2713,125.8554,128.6619,732368,9772
2020-11-03,128.3934,132.91,128.0145,132.5189,1297338,13323
2020-11-04,132.5553,133.5542,131.6148,132.6132,628677,7709
2020-11-05,134.2222,135.6482,133.6411,135.0634,588257,6811
2020-11-06,136.4738,138.6382,133.8392,135.9961,441129,10947
2020-11-07,135.4057,137.6414,134.6817,136.9095,211223,6062
2020-11-08,137.5422,142.0027,136.1476,140.5774,1027345,8285
2020-11-09,139.9481,144.3361,139.3769,143.7495,702532,9814
2020-11-10,143.5808,147.0131,143.5259,146.9569,569714,7249
2020-11-11,148.8826,153.0178,147.2271,151.335,1439504,14191
2020-11-12,152.6657,153.4803,152.0976,152.9113,1118150,10484
2020-11-13,153.7496,157.0239,152.7876,156.0476,610343,7645
2020-11-14,155.998,158.8157,154.0676,156.8745,866809,9248
2020-11-15,157.5399,162.8164,154.0002,159.2385,818280,9513
2020-11-16,158.8468,163.5236,155.866,160.5115,1191913,9688
2020-11-17,160.0104,162.6585,159.7152,162.3589,824524,4711
2020-11-18,163.3938,166.5772,162.3293,165.4989,663179,7912
2020-11-19,165.9944,167.1038,163.8847,164.9873,779780,9062
2020-11-20,166.1883,173.3408,165.0175,172.1281,1239003,11362
2020-11-21,172.4808,173.966,169.557,171.0297,1428063,13536
2020-11-22,170.6197,171.1257,168.8324,169.3346,1141170,11100
2020-11-23,170.7739,176.0266,168.944,174.1604,1058747,12176
2020-11-24,174.5069,181.3074,171.3495,178.0852,939748,8003
2020-11-25,177.115,183.0314,175.7251,181.6062,892108,6649
2020-11-26,182.4255,186.8856,180.7696,185.2044,1455863,13300
2020-11-27,184.5952,188.4888,183.0178,186.8917,677572,10168
2020-11-28,187.4087,189.6119,183.6214,185.8057,732338,9856
2020-11-29,186.2361,190.3022,183.69,187.7355,1259194,8830
2020-11-30,188.3228,189.635,185.9675,187.2724,1177369,11407
2020-12-01,186.328,195.8137,182.6711,192.0446,1107589,7408
2020-12-02,191.7916,194.556,190.4891,193.2436,909863,8890
2020-12-03,193.5673,194.1793,191.5597,192.1672,1144439,7651
2020-12-04,192.7557,194.7154,190.7731,192.7326,930559,9574
2020-12-05,193.0543,198.5293,190.291,195.7277,1325202,9001
2020-12-06,197.0282,197.7904,194.653,195.4088,1330404,15676
2020-12-07,195.6524,197.6971,192.136,194.1652,1048584,10290
2020-12-08,195.683,198.1459,194.0814,196.5374,1461467,13307
2020-12-09,196.8987,203.0933,192.7637,198.9161,1194648,12743
2020-12-10,199.0389,202.9285,194.7499,198.6314,851237,7138
2020-12-11,200.5806,200.588,198.426,198.4333,1310847,14237
2020-12-12,197.9518,203.1717,195.5153,200.7013,1509216,13671
2020-12-13,202.6953,203.7716,195.8306,196.8759,903857,10203
2020-12-14,197.7166,198.5368,192.409,193.2105,1146757,10820
2020-12-15,190.7669,192.5501,190.201,191.9807,1075187,8073
2020-12-16,191.7844,195.8637,188.4177,192.4847,1473837,11437
2020-12-17,192.4135,195.6826,191.5444,194.8028,1059261,8779
2020-12-18,195.4093,202.5634,194.1791,201.2962,764358,10612
2020-12-19,201.551,207.3735,199.8976,205.6862,993074,10874
2020-12-20,205.4841,206.6789,205.0611,206.2543,778608,8539
2020-12-21,205.7478,207.9114,205.1617,207.3208,930889,9171
2020-12-22,207.8178,209.6352,202.7446,204.5333,805379,6620
2020-12-23,204.035,206.2285,203.317,205.5053,774211,6278
2020-12-24,205.6917,206.9157,204.1687,205.3909,835053,8349
2020-12-25,205.3586,209.363,203.6163,207.6016,1176571,7311
2020-12-26,207.9142,208.2964,204.8883,205.2656,1809708,14748
2020-12-27,205.1677,211.8563,201.5234,208.1589,980840,8238
2020-12-28,207.5869,215.3291,207.3445,215.078,813909,12547
2020-12-29,217.0487,218.8158,213.6835,215.4374,1146226,11468
2020-12-30,213.361,218.4649,212.766,217.8574,1255516,11179
2020-12-31,217.8003,225.2417,214.0887,221.4676,1381093,11781
2021-01-01,221.0618,224.8284,216.6715,220.4272,727417,11762
2021-01-02,220.159,222.668,219.4989,222.0023,1572610,16114
2021-01-03,221.8258,223.2847,221.17,222.6266,556101,10734
2021-01-04,222.8679,226.0203,220.4223,223.5671,829178,7471
2021-01-05,222.9645,224.1869,219.4538,220.6636,1253039,9055
2021-01-06,222.0074,223.1467,220.0395,221.1745,785727,8467
2021-01-07,221.3892,224.8709,220.2131,223.6826,1151061,8550
2021-01-08,224.1396,231.0598,223.4497,230.3507,751831,6985
2021-01-09,231.7662,236.4435,230.2891,234.9461,1140190,6526
2021-01-10,234.9096,247.3357,232.7727,245.106,721971,7274
2021-01-11,244.8764,250.3573,236.1367,241.543,365250,5612
2021-01-12,238.2248,247.0182,237.0343,245.79,844414,11998
2021-01-13,246.2606,247.0546,245.9128,246.7061,362755,8350
2021-01-14,247.3331,267.4784,237.6222,257.3733,375843,10328
2021-01-15,257.7431,257.8604,253.0282,253.1434,874166,8231
2021-01-16,251.2231,253.1088,246.89,248.7571,876789,7123
2021-01-17,250.3208,251.6608,244.2546,245.5693,1109786,9087
2021-01-18,246.411,250.9661,230.5636,234.9061,951120,11092
2021-01-19,236.4282,238.1277,230.4502,232.1188,1223991,10730
2021-01-20,232.2252,232.811,227.6495,228.2251,965452,10256
2021-01-21,229.3497,231.3431,226.4948,228.4807,871228,7577
2021-01-22,229.4815,232.9349,226.102,229.5543,823582,8658
2021-01-23,229.1038,239.9829,226.8206,237.6149,868248,10622
2021-01-24,237.9999,244.2805,235.2684,241.5088,1026515,4150
2021-01-25,239.5399,242.4287,235.1648,238.0355,1234156,12104
2021-01-26,236.9061,241.0457,228.9529,233.0247,1287262,10963
2021-01-27,231.7358,236.4774,229.8251,234.5436,823101,8057
2021-01-28,235.9779,236.5887,226.9282,227.5171,1111034,9414
2021-01-29,227.8243,239.4828,223.4678,234.9892,988512,7205
2021-01-30,236.06,239.8412,235.8103,239.5879,1389048,10252
2021-01-31,239.8272,240.4604,235.7014,236.3253,1384423,13387
2021-02-01,234.3699,236.6199,225.0001,227.1812,964630,10009
2021-02-02,229.9206,235.7822,226.4341,232.2602,1186286,11075
2021-02-03,231.1548,231.3339,230.4125,230.5911,1078386,7908
2021-02-04,230.4121,239.5906,226.0163,235.1052,743555,7890
2021-02-05,235.7595,238.908,223.3585,226.3818,1155249,7681
2021-02-06,225.8485,226.06,222.2188,222.4271,1403152,9441
2021-02-07,221.7781,224.081,218.8775,221.1742,551181,2091
2021-02-08,221.7843,224.4463,217.4259,220.0673,863307,8493
2021-02-09,218.01,218.857,215.9091,216.7512,1062896,11212
2021-02-10,216.7886,223.4819,211.3942,218.056,805074,9932
2021-02-11,218.1203,219.095,211.0787,212.0262,902146,9851
2021-02-12,211.8072,213.0997,208.727,210.0085,1051905,9086
2021-02-13,210.7589,215.0793,204.7761,209.0618,1348843,11071
2021-02-14,210.3133,213.1981,206.8287,209.7052,789295,8369
2021-02-15,211.5243,213.3366,209.3152,211.1241,837254,9595
2021-02-16,210.7064,211.3753,204.2503,204.9008,906152,9343
2021-02-17,203.3492,204.0032,196.5585,197.1926,1529126,12682
2021-02-18,197.8756,203.1432,195.3639,200.597,1511880,12964
2021-02-19,199.8618,203.9606,196.2282,200.3187,1240705,12309
2021-02-20,200.0697,202.4716,193.4429,195.7934,1043278,6282
2021-02-21,195.6115,200.7139,195.0051,200.0936,988609,12380
2021-02-22,200.2372,203.8775,195.2655,198.8811,1237669,10999
2021-02-23,198.0221,204.3174,195.4885,201.7363,1314615,12740
2021-02-24,202.3212,203.7514,198.8562,200.2719,1257314,14585
2021-02-25,199.5413,207.2116,198.8201,206.4654,617410,9231
2021-02-26,204.5352,214.0531,202.1589,211.5948,917311,8984
2021-02-27,212.0063,212.5395,208.178,208.7029,947766,8227
2021-02-28,210.4303,211.7033,209.4128,210.6845,821593,10090
2021-03-01,210.5377,212.9098,208.9804,211.3466,428983,9781
2021-03-02,210.9118,215.0682,210.7236,214.8764,989092,6483
2021-03-03,214.9208,215.8729,208.0407,208.9665,1292939,9422
2021-03-04,208.6868,211.4781,206.9197,209.7024,364199,6622
2021-03-05,210.1556,212.8746,209.1678,211.8787,790726,7529
2021-03-06,210.9288,212.7048,201.194,202.9024,889791,3634
2021-03-07,201.8488,205.1415,193.2847,196.49,630646,8372
2021-03-08,196.7977,197.9913,186.0327,187.1679,1143414,9798
2021-03-09,186.0876,189.3475,181.1904,184.4211,886495,9748
2021-03-10,184.0376,186.807,182.297,185.0568,1182956,8280
2021-03-11,184.1295,189.7544,182.744,188.3373,563844,6816
2021-03-12,188.8229,190.6704,184.9148,186.7419,1161519,8600
2021-03-13,186.0134,192.96,183.5384,190.4262,642617,10000
2021-03-14,192.1683,192.9556,183.0406,183.7936,1218161,15654
2021-03-15,182.383,185.8118,173.0243,176.3395,1216901,7318
2021-03-16,176.7251,177.0523,174.0957,174.4187,1129495,11092
2021-03-17,173.5882,175.0644,172.413,173.8872,774596,10533
2021-03-18,174.2795,176.3421,170.0289,172.0653,651089,11589
2021-03-19,172.6982,175.7753,161.1525,164.076,510629,6504
2021-03-20,164.6679,166.3971,160.4957,162.199,1230925,13895
2021-03-21,162.4291,164.0337,155.3475,156.8975,749420,11246
2021-03-22,156.8669,157.8434,156.2113,157.1865,396154,4839
2021-03-23,156.1801,156.9433,155.8842,156.6465,1311790,9049
2021-03-24,157.3811,157.4008,152.5621,152.5811,1861444,10970
2021-03-25,152.4493,153.6261,148.6001,149.7561,1137685,9222
2021-03-26,148.3649,149.2599,144.7264,145.6048,1090592,11730
2021-03-27,145.8724,146.0885,143.8401,144.0535,740970,7280
2021-03-28,145.088,145.4335,144.658,145.0033,1019734,8289
2021-03-29,145.4857,148.3099,138.4916,141.2332,742366,7955
2021-03-30,141.6898,141.9953,140.7924,141.0967,739268,10459
2021-03-31,140.4503,142.354,136.6654,138.5433,1354665,12041
2021-04-01,138.9271,140.1242,134.2877,135.4549,1009407,5742
2021-04-02,134.3974,136.4179,131.9682,133.9825,905346,9103
2021-04-03,133.7895,135.6874,128.6612,130.5126,256796,8837
2021-04-04,129.7249,131.1199,126.8,128.1783,1504608,10632
2021-04-05,128.9072,129.3436,124.1545,124.5763,724389,9055
2021-04-06,125.2619,128.7672,123.9324,127.4149,1164730,11546
2021-04-07,127.4147,128.9206,124.9019,126.3957,1143648,14890
2021-04-08,126.1673,126.6927,123.4145,123.9307,988902,7979
2021-04-09,125.3683,125.6142,123.077,123.3189,734388,5574
2021-04-10,123.9996,124.5888,121.5158,122.0959,1000568,8824
2021-04-11,122.6055,123.7259,119.5951,120.698,541741,10888
2021-04-12,121.5426,123.1739,119.2687,120.8913,593123,7667
2021-04-13,121.9771,122.8383,120.5046,121.3615,929709,7595
2021-04-14,120.7761,122.7429,117.5183,119.4638,920834,12785
2021-04-15,119.3819,120.002,116.9291,117.5396,901122,10362
2021-04-16,117.1907,117.3848,116.0116,116.204,1023958,5862
2021-04-17,115.6348,116.9685,110.0668,111.3511,496087,3892
2021-04-18,110.9563,113.1236,105.9142,108.0242,849013,9600
2021-04-19,108.095,109.6407,108.0113,109.5558,643414,11118
2021-04-20,108.6341,112.7558,107.5217,111.6128,925092,7696
2021-04-21,111.2064,113.6141,108.0845,110.4764,1359694,12223
2021-04-22,111.0873,111.7138,110.1659,110.7907,760269,8957
2021-04-23,110.8677,112.6161,108.928,110.6733,763460,8669
2021-04-24,111.7649,117.0126,110.2158,115.413,1152055,13738
2021-04-25,115.1796,117.3993,114.6136,116.8252,1182285,11302
2021-04-26,117.0799,120.0446,113.0279,115.9644,1205115,11277
2021-04-27,117.1512,117.9419,112.8242,113.5909,880189,13384
2021-04-28,113.2784,113.445,109.9226,110.0845,1256380,11697
2021-04-29,109.7916,110.6009,109.1247,109.9333,983296,10768
2021-04-30,108.957,110.1163,106.9326,108.0825,1077861,13158
2021-05-01,108.6777,109.1847,104.6046,105.0949,1406088,13074
2021-05-02,106.289,107.234,102.628,103.5486,1172612,8310
2021-05-03,103.7001,103.8511,101.1452,101.2926,822204,9392
2021-05-04,101.6448,104.9776,100.485,103.7933,974490,8262
2021-05-05,103.5786,105.4905,103.0839,104.989,625397,7871
2021-05-06,103.4512,106.7994,101.3274,104.6509,1329433,10894
2021-05-07,104.0379,108.8027,102.2737,106.9885,1569280,13159
2021-05-08,107.0823,108.5137,105.4227,106.851,881570,9671
2021-05-09,106.7342,106.8318,104.9193,105.0153,978009,9994
2021-05-10,104.6388,108.939,103.2947,107.5573,1298647,7281
2021-05-11,108.3029,108.6896,107.9756,108.3621,224826,5401
2021-05-12,107.8146,108.3701,105.6747,106.2219,1459379,13626
2021-05-13,105.3734,106.0651,105.0288,105.7194,940585,10695
2021-05-14,105.9898,108.0408,101.9541,103.966,1247326,11140
2021-05-15,103.7806,105.0059,100.1291,101.3254,812721,9154
2021-05-16,101.0711,104.3432,99.684,102.9305,1097148,10363
2021-05-17,102.6559,107.7037,101.4027,106.4047,739469,12121
2021-05-18,106.636,107.143,103.222,103.7151,770071,9699
2021-05-19,102.5655,105.306,102.0499,104.7792,258416,4360
2021-05-20,104.4744,105.7008,102.3642,103.5801,948764,13879
2021-05-21,103.0357,104.5786,101.1855,102.7237,1566469,12625
2021-05-22,103.8001,105.4552,100.0769,101.6984,1209879,9424
2021-05-23,101.6169,101.9531,99.8656,100.1971,1435545,13936
2021-05-24,100.8868,101.2027,100.1069,100.4213,1211506,13990
2021-05-25,100.4034,100.937,98.511,99.0374,535200,8369
2021-05-26,98.1262,99.7488,98.0945,99.7167,1204720,11269
2021-05-27,99.0689,100.0632,98.8383,99.8308,773536,4487
2021-05-28,100.3092,100.361,99.5653,99.6167,1074695,12522
2021-05-29,100.067,100.3647,97.8831,98.1752,1394716,12615
2021-05-30,97.5518,97.8317,97.1047,97.3842,751383,7480
2021-05-31,96.865,101.1765,94.8069,99.0715,1403478,15858
2021-06-01,99.1067,101.6359,97.8248,100.338,797406,7150
2021-06-02,100.1392,101.2091,97.7694,98.8252,1187434,15544
2021-06-03,99.4475,100.5876,98.2441,99.3835,715383,10591
2021-06-04,99.2705,102.0426,98.4525,101.2087,785947,13029
2021-06-05,101.6045,102.4081,97.6138,98.392,766047,10994
2021-06-06,98.1878,99.8918,98.1543,99.8578,1040159,9842
2021-06-07,100.2037,100.9399,98.3187,99.0463,706237,7962
2021-06-08,99.4894,102.0049,98.1235,100.6235,1111417,6600
2021-06-09,101.5783,102.5411,98.7023,99.6468,749937,10277
2021-06-10,99.3316,99.924,96.1025,96.6792,817428,8615
2021-06-11,96.8829,97.1414,93.8954,94.1466,901984,10250
2021-06-12,94.3621,95.2458,93.8932,94.7748,945847,7749
2021-06-13,94.3905,96.8868,93.3389,95.8194,1077773,10814
2021-06-14,95.6128,96.003,94.3215,94.7079,1169153,11735
2021-06-15,94.7787,96.8478,94.4335,96.4964,1006281,5858
2021-06-16,97.5639,97.9152,93.6315,93.9699,782379,9658
2021-06-17,94.5303,95.7193,93.2902,94.4786,1220975,12285
2021-06-18,94.6386,95.6128,91.9145,92.8706,1262405,9025
2021-06-19,92.8406,92.9082,92.2635,92.3307,1026059,9829
2021-06-20,92.2921,94.1298,91.2588,93.0876,887899,9796
2021-06-21,93.3683,94.1625,91.4064,92.1905,1751703,14288
2021-06-22,92.1205,92.6784,91.6292,92.1868,1258217,13727
2021-06-23,92.5888,95.0453,92.2971,94.7468,833763,9834
2021-06-24,94.6413,95.6494,93.4034,94.409,1440450,10369
2021-06-25,94.3428,97.0405,94.0526,96.7429,846814,11938
2021-06-26,96.762,98.1514,93.9896,95.3589,607375,8598
2021-06-27,95.8417,97.3181,95.6901,97.1644,1983590,19533
2021-06-28,97.1127,101.7905,96.1459,100.787,1511859,9283
2021-06-29,100.4736,101.0591,96.1172,96.6806,1157993,12929
2021-06-30,95.561,96.8114,94.7411,95.9878,757539,4750
2021-07-01,96.3685,98.0673,96.2508,97.9478,863370,8998
2021-07-02,97.2876,99.135,96.5923,98.4315,1158236,11434
2021-07-03,97.9417,100.2404,97.7639,100.0588,347720,7095
2021-07-04,99.3213,100.3567,98.7393,99.7722,1105876,13035
2021-07-05,99.4268,102.8604,97.4692,100.8743,1033272,14250
2021-07-06,100.863,101.8363,100.5382,101.5094,998059,8364
2021-07-07,101.624,104.8615,101.6061,104.843,711506,11164
2021-07-08,104.5531,107.4461,103.5057,106.3803,854052,7706
2021-07-09,105.4383,108.6347,104.9411,108.1248,454455,4815
2021-07-10,108.0783,108.4503,107.9158,108.2875,912369,7476
2021-07-11,108.5389,109.1365,107.6982,108.2944,1100768,8733
2021-07-12,109.0001,109.639,107.7918,108.4273,877181,9900
2021-07-13,108.4316,110.712,108.0786,110.3527,951902,10183
2021-07-14,109.7922,112.0609,108.2677,110.5262,524885,5189
2021-07-15,110.0328,112.8433,109.4677,112.2667,1011211,6119
2021-07-16,112.7219,119.1902,111.6016,118.0173,1129332,8933
2021-07-17,117.2711,123.4156,115.1683,121.2417,885643,9180
2021-07-18,120.5239,122.1668,120.0419,121.6802,1082776,10324
2021-07-19,121.2725,127.2713,119.8515,125.7973,648060,9215
2021-07-20,126.0998,126.3552,125.7989,126.0542,847420,11309
2021-07-21,125.4427,125.9414,121.7784,122.2645,1378411,12651
2021-07-22,122.0748,122.8247,120.3306,121.0744,791903,10917
2021-07-23,122.0483,123.0591,116.8722,117.8483,1334117,10744
2021-07-24,117.0038,118.8437,116.3899,118.2235,1148846,13336
2021-07-25,118.0074,119.635,117.8289,119.4542,586799,9116
2021-07-26,119.3375,125.1223,118.7982,124.5593,766818,8820
2021-07-27,124.3277,127.5185,123.4221,126.5963,1096935,13791
2021-07-28,127.2269,129.0869,125.4581,127.3169,1048027,8045
2021-07-29,126.8463,132.1807,125.3344,130.6238,1292389,11947
2021-07-30,130.4956,130.8893,125.9467,126.3279,1060324,6614
2021-07-31,126.2874,128.8257,125.6101,128.1385,345613,6403
2021-08-01,128.6828,132.1934,127.7913,131.2838,1175486,9277
2021-08-02,131.0257,132.3381,127.5398,128.8302,1427576,13558
2021-08-03,129.0747,133.6197,128.3569,132.8808,963128,13153
2021-08-04,133.9536,135.4346,133.5223,134.9999,1402342,9198
2021-08-05,134.5026,137.1185,132.599,135.205,1068489,12361
2021-08-06,134.1916,138.2113,134.0684,138.0845,977994,10986
2021-08-07,138.0435,147.9704,135.4821,145.2748,1072018,9667
2021-08-08,145.084,147.59,144.596,147.0952,1296149,12405
2021-08-09,147.2219,150.1045,146.2333,149.1033,1464306,14096
2021-08-10,149.1481,149.7275,148.5689,149.1484,1378655,9227
2021-08-11,148.5722,149.1356,147.5347,148.0962,1370813,10660
2021-08-12,147.791,153.0398,146.441,151.6545,1173240,11722
2021-08-13,150.6846,151.4611,149.7702,150.5459,751115,13123
2021-08-14,150.1089,152.9324,149.1911,152.003,974969,9395
2021-08-15,152.1447,153.2579,150.8107,151.9222,1572716,12962
2021-08-16,151.4602,155.037,150.9102,154.4761,1097177,6706
2021-08-17,155.473,157.2579,154.8554,156.6358,679395,9092
2021-08-18,156.9143,161.0994,156.6137,160.7914,1152305,13656
2021-08-19,159.9475,162.7234,157.7681,160.536,1495024,18779
2021-08-20,160.7309,164.3031,157.3843,160.952,1171562,9761
2021-08-21,160.3286,163.0368,156.6174,159.3084,868238,5390
2021-08-22,157.6634,159.2244,157.6186,159.1791,380411,6261
2021-08-23,159.4662,162.7329,158.0892,161.3397,998855,10030
2021-08-24,160.2371,165.5479,159.2876,164.5727,191045,4695
2021-08-25,165.0939,165.1312,162.9525,162.9894,580772,5933
2021-08-26,162.9249,167.4558,161.9814,166.4916,856743,10676
2021-08-27,166.4183,175.1464,162.8071,171.4266,575483,4173
2021-08-28,170.8449,174.2196,170.3012,173.6669,769571,8328
2021-08-29,174.3634,181.8093,172.86,180.2551,583124,5613
2021-08-30,179.5257,181.2432,177.1593,178.8705,1169279,10403
2021-08-31,178.2544,178.6194,175.6811,176.0416,1229874,7917
2021-09-01,176.8623,177.5965,170.94,171.6525,1211708,16687
2021-09-02,171.9901,178.1075,170.7207,176.8026,1054897,11195
2021-09-03,175.9011,179.9292,175.5382,179.5586,1439632,13095
2021-09-04,179.3458,181.5412,178.0009,180.1899,1088590,8541
2021-09-05,179.2965,182.9323,178.1617,181.7819,1058391,10886
2021-09-06,182.7398,183.7851,178.1235,179.1483,794527,5897
2021-09-07,178.7488,187.1812,178.5466,186.9696,891789,5444
2021-09-08,186.6839,189.2111,185.501,188.0197,792481,12319
2021-09-09,189.2523,189.6768,188.545,188.9689,1267433,11496
2021-09-10,188.6029,193.8491,186.5309,191.7425,1431849,11932
2021-09-11,192.9263,195.7493,190.9354,193.7499,1179755,9718
2021-09-12,193.8199,197.8584,190.9122,194.934,767009,11537
2021-09-13,194.8729,195.3467,192.4944,192.9635,916158,12293
2021-09-14,193.1872,197.0194,190.9732,194.7871,767790,11956
2021-09-15,196.3743,201.5868,195.6425,200.8384,934842,5894
2021-09-16,199.7942,206.5752,198.5802,205.3275,961080,11720
2021-09-17,205.6434,212.9261,203.3905,210.6187,736811,12281
2021-09-18,212.3629,212.879,208.7009,209.2095,1004362,12162
2021-09-19,209.0935,209.9053,205.4531,206.2539,989583,10623
2021-09-20,206.2583,207.5348,204.7125,205.9873,1495964,13242
2021-09-21,204.423,211.6577,199.0451,206.2323,1118070,10400
2021-09-22,206.4834,209.8023,206.3587,209.6757,1340907,11876
2021-09-23,210.7138,211.1713,203.7828,204.2262,1161695,9853
2021-09-24,204.3122,208.9722,204.286,208.9454,1147197,10198
2021-09-25,208.4932,210.1483,206.6459,208.2995,919968,9107
2021-09-26,207.5579,210.7602,203.5393,206.7287,956742,8815
2021-09-27,206.5474,207.5626,202.2157,203.2145,1002044,10624
2021-09-28,202.8661,203.4308,197.0801,197.6302,856303,7588
2021-09-29,197.1572,200.6062,196.4484,199.8876,1707647,12106
2021-09-30,199.8245,200.6154,198.9549,199.7455,1081148,12973
2021-10-01,197.3616,198.3402,194.215,195.1829,1341322,8575
2021-10-02,195.7403,196.2172,190.172,190.6365,687975,6468
2021-10-03,190.7419,191.9365,187.9144,189.0987,1153067,5056
2021-10-04,188.0341,194.2174,187.552,193.7208,842869,10810
2021-10-05,193.7649,194.8468,191.2225,192.2961,1566290,11867
2021-10-06,190.5618,195.1199,182.4061,186.8761,1255054,11264
2021-10-07,185.5928,186.5577,184.4838,185.448,1566537,13672
2021-10-08,185.4559,188.3692,181.0111,183.9,1408054,10818
2021-10-09,182.4628,184.6148,172.7556,174.8175,1433048,11470
2021-10-10,174.7491,177.9678,170.7126,173.9159,1274886,10194
2021-10-11,173.9378,176.6219,169.7955,172.4567,1052781,14656
2021-10-12,172.4071,175.5703,170.5532,173.7024,1065665,10747
2021-10-13,173.9055,180.2195,172.1048,178.3725,754639,11622
2021-10-14,177.5808,182.7378,175.8092,180.9328,914420,11091
2021-10-15,180.8786,181.7714,178.2401,179.1242,1088727,6452
2021-10-16,179.9566,180.1944,174.4422,174.6731,848486,6525
2021-10-17,172.9073,181.7404,172.7322,181.5565,825867,7196
2021-10-18,181.8869,185.6942,176.8862,180.668,546775,10052
2021-10-19,179.9642,180.3299,179.2392,179.6042,867575,9709
2021-10-20,180.148,181.0643,177.4832,178.3905,878452,6424
2021-10-21,179.4668,182.2075,175.1436,177.8598,684515,8675
2021-10-22,177.155,177.9054,175.4603,176.2067,595238,6027
2021-10-23,175.0548,177.852,170.4033,173.1704,814509,10536
2021-10-24,172.7681,172.8448,170.1566,170.2322,477272,8375
2021-10-25,169.8838,171.5927,167.2008,168.8998,663668,10574
2021-10-26,168.6156,168.6491,165.9402,165.9732,968593,12283
2021-10-27,165.3404,167.0538,160.8631,162.5475,826722,10934
2021-10-28,162.221,163.3263,160.5105,161.6116,662389,9821
2021-10-29,161.9939,163.0397,158.5473,159.5775,502672,8519
2021-10-30,159.3243,164.2851,157.8247,162.7533,1067886,14236
2021-10-31,162.2212,162.2655,153.3433,153.3852,990914,6790
2021-11-01,152.9551,158.4042,149.8406,155.2431,1018950,9596
2021-11-02,155.5569,158.6926,154.4433,157.5646,1076474,9734
2021-11-03,158.1005,158.5865,149.6018,150.0631,755573,9331
2021-11-04,149.6155,152.7543,144.688,147.7885,848288,9306
2021-11-05,147.9535,150.5311,142.9134,145.4474,839549,7013
2021-11-06,146.1706,147.1149,139.3519,140.258,289178,10530
2021-11-07,139.7134,139.933,136.6971,136.9123,1054333,8937
2021-11-08,136.4964,137.0484,132.2181,132.7549,795105,6110
2021-11-09,133.1434,136.6967,132.4579,135.9964,1246706,11882
2021-11-10,136.5674,139.0431,134.7135,137.1808,732462,6733
2021-11-11,137.8275,139.9386,137.1559,139.26,1326979,9876
2021-11-12,139.1728,141.0722,137.9942,139.8875,967175,9065
2021-11-13,140.5003,141.4393,134.5861,135.4917,984381,7805
2021-11-14,135.6275,136.4533,132.0019,132.8105,1091110,6556
2021-11-15,131.3374,134.6144,129.5385,132.7955,675937,10890
2021-11-16,132.1976,133.6951,126.8838,128.3376,1109840,8860
2021-11-17,128.0278,131.173,125.7474,128.8774,331372,7110
2021-11-18,128.521,129.4154,126.1247,127.0086,1354840,11229
2021-11-19,127.3262,129.0539,123.1318,124.8256,1068648,11447
2021-11-20,123.6169,126.2973,122.6757,125.343,739922,8899
2021-11-21,126.281,126.9061,124.5839,125.2036,853131,11564
2021-11-22,125.9972,126.361,122.7177,123.0731,654347,5605
2021-11-23,123.4805,126.1593,122.0128,124.6774,1562566,14499
2021-11-24,124.3158,125.7534,119.3765,120.7731,1260837,12139
2021-11-25,121.007,121.4446,120.616,121.0534,1385682,14518
2021-11-26,121.5653,122.1902,120.6589,121.2823,864370,10834
2021-11-27,121.9214,123.3778,117.9131,119.3386,1092713,8773
2021-11-28,119.3184,121.2212,117.0409,118.9377,1128976,9489
2021-11-29,118.9385,119.4088,114.3511,114.805,717135,7407
2021-11-30,115.2968,117.7387,113.3628,115.7964,760741,10957
2021-12-01,115.105,116.2086,113.1451,114.2404,605095,4858
2021-12-02,114.1181,114.5511,111.5151,111.9398,1209206,11577
2021-12-03,111.9009,114.5491,110.5726,113.2054,1320633,10424
2021-12-04,113.1047,114.1371,109.5172,110.5261,879448,10085
2021-12-05,110.03,110.5666,105.8423,106.3611,1324041,12613
2021-12-06,106.9887,108.2129,100.8769,102.0446,594014,9497
2021-12-07,101.7635,102.4962,101.5925,102.3243,1283828,12420
2021-12-08,102.7041,103.359,98.123,98.7526,1069397,9740
2021-12-09,99.1309,102.3626,98.0998,101.3088,1584652,9281
2021-12-10,101.4963,102.0894,95.6061,96.168,972845,9749
2021-12-11,96.0569,99.9355,94.7187,98.5623,1253857,13014
2021-12-12,98.5232,98.8192,97.805,98.0998,703150,9236
2021-12-13,98.4213,99.4746,96.0085,97.0471,1518400,10799
2021-12-14,97.4314,97.9874,94.6059,95.1489,1256837,8825
2021-12-15,95.1556,95.7231,94.5249,95.092,917506,11205
2021-12-16,94.7357,94.9456,94.01,94.2188,649833,11890
2021-12-17,94.6105,95.7071,94.4123,95.5071,707471,8525
2021-12-18,95.4172,96.5556,93.8118,94.9446,1310374,13389
2021-12-19,94.432,95.0465,93.8525,94.4668,1061170,11397
2021-12-20,94.463,94.6123,92.8942,93.0413,927594,12220
2021-12-21,93.6508,93.8531,92.019,92.2181,1283352,14686
2021-12-22,91.7146,92.3166,91.4819,92.083,903009,10493
2021-12-23,91.6967,91.759,88.2282,88.2881,397453,9871
2021-12-24,88.3127,88.5862,85.0357,85.2999,1346370,6056
2021-12-25,85.2547,86.3372,84.868,85.9473,1517951,10815
2021-12-26,86.1004,87.1866,84.5643,85.6447,803702,7552
2021-12-27,85.8269,87.1528,83.4518,84.7613,843688,9991
2021-12-28,84.4735,86.9352,81.7846,84.2396,1161155,8365
2021-12-29,83.0466,84.9652,82.3706,84.2792,1048671,9792
2021-12-30,84.5478,85.9143,81.5348,82.8743,589124,7876
2021-12-31,82.7792,82.985,80.9244,81.1261,1196067,11071
2022-01-01,81.4114,83.1658,79.2245,80.9693,908528,7660
2022-01-02,80.6445,81.8396,77.8154,78.986,916265,8450
2022-01-03,79.2697,79.3947,79.0638,79.1887,809856,12379
2022-01-04,79.2028,79.7194,75.6872,76.1841,514880,8534
2022-01-05,76.4975,78.0627,75.7611,77.3184,1213106,13277
2022-01-06,77.4156,77.8367,77.2365,77.657,831381,12098
2022-01-07,77.2544,78.2076,76.7403,77.6907,764656,6923
2022-01-08,77.5031,78.8818,77.439,78.8166,1080145,12303
2022-01-09,78.7414,81.1552,78.5853,80.9946,1155681,13323
2022-01-10,80.8046,83.0609,80.0024,82.2443,567069,9167
2022-01-11,82.4817,82.5878,78.992,79.0938,1424970,11156
2022-01-12,79.0784,79.5595,76.459,76.9269,1182535,11731
2022-01-13,76.9582,76.9874,75.7597,75.7884,1718296,15959
2022-01-14,75.8308,76.5945,74.848,75.6096,1159012,10847
2022-01-15,75.579,78.5549,73.1828,76.1409,1064698,9346
2022-01-16,76.1483,77.0536,74.0449,74.9359,992999,7872
2022-01-17,75.0449,75.7637,74.3165,75.0352,765102,8893
2022-01-18,75.2984,75.6891,73.4678,73.851,1155566,10781
2022-01-19,74.4434,74.6557,72.6947,72.9025,1043667,8046
2022-01-20,72.9382,73.7434,70.1465,70.9295,927457,9165
2022-01-21,70.7398,70.9485,69.4527,69.6582,552857,10326
2022-01-22,69.9096,70.7975,67.0297,67.8919,1203979,12363
2022-01-23,67.5543,67.7229,66.4879,66.6542,647004,7729
2022-01-24,66.9197,67.8977,66.9095,67.8874,712705,9854
2022-01-25,67.0998,67.6249,66.2042,66.7264,992827,12369
2022-01-26,65.6665,70.0499,65.4833,69.8549,1092945,7083
2022-01-27,70.8173,71.0337,70.2735,70.4889,1224180,9819
2022-01-28,70.4289,70.9484,70.2419,70.7605,890488,9223
2022-01-29,70.7074,71.6011,68.8747,69.7564,1147176,6837
2022-01-30,70.0142,71.0428,69.6592,70.6844,993033,7174
2022-01-31,70.5915,71.7181,68.9553,70.0736,781830,10213
2022-02-01,69.9267,70.8647,69.3977,70.3326,432918,8483
2022-02-02,70.4407,73.7348,70.2662,73.5526,1400143,10251
2022-02-03,73.4498,73.7015,73.3335,73.585,947981,8048
2022-02-04,73.562,75.3738,73.3845,75.1924,1025422,11723
2022-02-05,74.7974,75.4473,73.8452,74.4924,648716,9419
2022-02-06,73.7805,74.7272,73.7119,74.6578,862549,7795
2022-02-07,74.4138,77.7154,73.8137,77.0938,1029462,11518
2022-02-08,77.5434,77.9551,76.1377,76.5441,347244,5677
2022-02-09,76.7276,81.1812,74.7136,79.1048,1767512,14899
2022-02-10,79.5722,82.2035,77.7073,80.3211,1261968,13207
2022-02-11,80.2642,80.6461,79.5234,79.9036,752819,7390
2022-02-12,79.8733,82.4258,78.5277,81.0602,1064027,10247
2022-02-13,80.8486,85.2359,78.361,82.6916,1408769,9554
2022-02-14,82.4403,84.7527,81.6039,83.9015,599142,8860
2022-02-15,84.3075,85.1454,81.3949,82.2119,1415581,10373
2022-02-16,82.4719,82.863,81.2972,81.6845,770845,12073
2022-02-17,81.9443,82.6179,81.128,81.8005,635352,7037
2022-02-18,81.3652,82.1653,81.3572,82.1572,494068,5230
2022-02-19,82.4053,83.7475,82.0823,83.4206,698025,6435
2022-02-20,83.6895,84.9259,82.9126,84.1448,852906,6957
2022-02-21,83.7983,84.2326,82.5079,82.9377,1398922,13648
2022-02-22,82.4102,84.1211,82.236,83.9436,1319587,10846
2022-02-23,84.4862,86.6862,83.0806,85.2676,1098328,11666
2022-02-24,85.4583,86.9921,85.03,86.5582,872508,9839
2022-02-25,86.4962,89.5357,85.5477,88.5645,349076,9814
2022-02-26,88.3609,90.8022,87.8808,90.3114,1006556,12492
2022-02-27,89.6792,92.1377,89.1526,91.5998,943225,9881
2022-02-28,92.4004,93.3614,91.2229,92.1817,781709,6239
2022-03-01,92.382,92.6039,90.2976,90.5151,1377868,13469
2022-03-02,90.663,93.0982,89.4034,91.8225,946138,11850
2022-03-03,92.0535,93.1442,91.7601,92.8482,691314,8209
2022-03-04,92.5438,94.2165,92.3257,93.995,719706,10837
2022-03-05,94.6777,96.1251,91.445,92.8647,977158,7868
2022-03-06,92.1812,93.4476,90.7751,92.0396,1423970,12351
2022-03-07,91.0178,95.5085,89.9274,94.3779,1268071,11913
2022-03-08,94.6445,96.6886,93.0963,95.1324,934423,9810
2022-03-09,96.2702,99.0559,94.2492,97.0191,1205929,10800
2022-03-10,96.7002,97.9737,96.6529,97.9258,1216257,17307
2022-03-11,97.5105,99.2738,97.0973,98.8549,868015,5748
2022-03-12,99.2171,102.5797,97.9528,101.2891,1316195,12556
2022-03-13,101.2174,102.9732,99.5996,101.3532,1223735,11136
2022-03-14,101.3921,102.9846,100.8732,102.4602,369763,10933
2022-03-15,102.6642,102.7237,102.5683,102.6277,780241,8529
2022-03-16,103.7962,105.0775,101.5786,102.8483,698407,7611
2022-03-17,102.8558,104.5697,101.5843,103.2929,1382741,13375
2022-03-18,103.6625,107.1889,101.1805,104.6824,1658220,11917
2022-03-19,104.883,105.4065,104.3162,104.8394,500438,7161
2022-03-20,105.2735,109.2982,104.1459,108.14,381718,6864
2022-03-21,108.039,108.8267,106.7415,107.5254,1110958,11238
2022-03-22,106.8714,109.4534,105.6728,108.2395,1214162,11109
2022-03-23,108.0101,108.8127,107.6804,108.4816,1314766,10903
2022-03-24,108.8849,112.5614,108.6619,112.3313,1016124,13295
2022-03-25,112.4937,115.1902,111.1675,113.8481,934201,10890
2022-03-26,113.9624,117.2002,113.8475,117.0822,1020163,12175
2022-03-27,117.9474,119.1193,114.0086,115.1528,1042449,10381
2022-03-28,115.7034,119.5833,113.0136,116.8665,1000244,11011
2022-03-29,116.4495,122.1049,114.3293,119.9214,788690,6159
2022-03-30,119.8524,121.731,119.4378,121.3114,1275266,9132
2022-03-31,121.3527,126.1723,120.1042,124.8875,1154339,11268
2022-04-01,125.1374,125.3897,124.7152,124.9672,691398,8549
2022-04-02,125.0178,130.0785,124.417,129.4563,1767182,13756
2022-04-03,129.3694,136.9455,128.6975,136.238,1509030,11366
2022-04-04,136.7944,138.683,134.8024,136.6895,877065,8870
2022-04-05,137.1605,138.0982,135.9886,136.9246,918229,9562
2022-04-06,136.9916,142.613,136.3943,141.9939,1253899,12054
2022-04-07,140.8706,147.6675,140.7998,147.5933,1146120,12188
2022-04-08,147.107,148.4464,146.2624,147.5991,1164385,12889
2022-04-09,148.2691,148.4522,147.6939,147.8765,964751,9400
2022-04-10,148.1172,151.9078,144.7463,148.5275,748065,9776
2022-04-11,147.882,147.898,146.161,146.1768,1043851,16055
2022-04-12,145.3508,145.7476,144.6278,145.0238,378528,6708
2022-04-13,145.6,147.0176,142.2252,143.6236,849009,8943
2022-04-14,142.8135,143.3081,142.3709,142.8653,621754,7279
2022-04-15,143.258,146.6969,140.6773,144.101,614499,4366
2022-04-16,144.1123,146.3977,143.7972,146.0783,866728,8932
2022-04-17,146.8382,154.7458,143.9674,151.7785,891155,9883
2022-04-18,153.0922,154.065,149.2589,150.2134,992202,11073
2022-04-19,148.8265,155.0766,148.1885,154.4147,1311788,10885
2022-04-20,155.1294,155.6425,154.612,155.1251,851183,9554
2022-04-21,156.9724,158.271,155.0217,156.3148,1351805,10747
2022-04-22,156.3635,159.8744,156.196,159.7033,681575,8057
2022-04-23,159.991,160.7979,156.7358,157.5302,1089286,9432
2022-04-24,156.5858,162.8619,153.7911,160.0062,1006604,9583
2022-04-25,162.3548,164.0974,160.084,161.8209,875989,10211
2022-04-26,162.5959,167.6472,159.6568,164.6706,1154848,8662
2022-04-27,164.9241,170.339,161.5131,166.8874,581943,10314
2022-04-28,167.5865,176.4271,167.4155,176.2473,748169,10242
2022-04-29,177.1039,177.1275,175.3105,175.3338,823325,5999
2022-04-30,175.7054,177.4023,173.0746,174.7624,842524,8279
2022-05-01,174.0479,176.0213,171.8692,173.8403,883671,7940
2022-05-02,175.5983,177.7977,170.954,173.1225,774429,9416
2022-05-03,174.1535,175.5791,170.6828,172.0915,1329719,10552
2022-05-04,172.7146,179.5755,170.4853,177.2872,1783052,11515
2022-05-05,176.9239,184.8638,175.538,183.427,562347,5286
2022-05-06,183.4994,184.6758,181.2959,182.4656,1201595,13061
2022-05-07,183.9425,184.7074,179.7681,180.5188,637928,10916
2022-05-08,181.3405,186.1366,178.4867,183.2527,1140032,7707
2022-05-09,184.4647,184.7767,181.9356,182.2438,1028463,11659
2022-05-10,182.4978,185.9046,182.117,185.5175,909681,11264
2022-05-11,185.2788,189.2421,183.2739,187.2162,964057,8116
2022-05-12,186.3,186.8075,181.9589,182.4559,1373912,10259
2022-05-13,181.8568,189.4452,181.3835,188.9533,547930,7298
2022-05-14,189.4638,197.0177,189.0407,196.5788,641450,10375
2022-05-15,196.7738,196.7919,194.98,194.9979,845724,9664
2022-05-16,193.2947,195.3097,192.2533,194.2631,925893,10141
2022-05-17,193.5135,197.0789,192.5499,196.1024,852206,7657
2022-05-18,196.8582,200.1911,194.7836,198.1034,1130080,7246
2022-05-19,197.777,204.7325,194.4646,201.36,920365,5199
2022-05-20,201.3943,211.3436,200.1582,210.0543,1122631,10948
2022-05-21,209.4876,211.7811,207.6129,209.9027,516206,5771
2022-05-22,209.6142,209.7112,207.0054,207.1012,1043265,10340
2022-05-23,206.9042,210.0025,198.8697,201.893,1413606,11460
2022-05-24,203.497,206.0249,196.9,199.3767,664768,6131
2022-05-25,199.807,201.2849,198.1351,199.6116,1771937,9360
2022-05-26,199.0555,208.2556,197.8882,207.0415,817112,7268
2022-05-27,207.9134,207.9617,205.1469,205.1945,1413727,9043
2022-05-28,202.9599,207.7718,201.5404,206.3287,1055163,10481
2022-05-29,204.873,208.0945,203.2275,206.4365,1072634,11829
2022-05-30,206.758,213.9148,204.3022,211.4038,890266,10520
2022-05-31,210.5037,222.0217,210.4905,222.0077,540994,10005
2022-06-01,223.2494,224.4248,218.554,219.7108,843953,7691
2022-06-02,218.9315,220.3427,216.1635,217.5659,889645,5496
2022-06-03,216.2832,222.0077,216.2099,221.9325,645729,10080
2022-06-04,221.7354,226.2235,220.2811,224.7494,1289627,11407
2022-06-05,222.7559,234.2463,221.2277,232.6502,818692,9307
2022-06-06,233.4505,236.4709,232.0195,235.0302,984613,12291
2022-06-07,234.9597,236.374,231.6596,233.0625,811739,7357
2022-06-08,233.9431,235.8719,233.424,235.3496,597773,11525
2022-06-09,233.694,241.0125,232.6614,239.9522,1034865,13583
2022-06-10,241.1233,246.6432,237.7488,243.2391,816944,8529
2022-06-11,242.9917,245.126,242.9028,245.0364,1203076,13195
2022-06-12,242.626,249.4631,242.5745,249.4101,1091801,10957
2022-06-13,249.5657,258.1303,245.7836,254.2769,1116153,9834
2022-06-14,254.0609,264.4518,249.9026,260.1931,947510,9697
2022-06-15,261.6229,267.6827,256.4955,262.5374,1137595,10853
2022-06-16,259.4075,262.7164,257.4746,260.7732,1040433,11058
2022-06-17,260.2719,261.5796,259.2022,260.5089,1310044,10792
2022-06-18,261.0701,268.7642,257.7396,265.3788,971849,8555
2022-06-19,267.5011,269.382,258.3584,260.1879,1170934,11185
2022-06-20,259.5587,263.015,257.3738,260.8195,691544,3394
2022-06-21,260.6347,260.988,257.3387,257.688,1219691,12373
2022-06-22,259.2284,263.166,252.6656,256.5627,1152668,12016
2022-06-23,254.6348,263.261,252.7354,261.3118,807735,10545
2022-06-24,260.1929,262.4347,258.6015,260.8393,1338662,11719
2022-06-25,260.6959,264.0642,256.2637,259.6181,776144,11511
2022-06-26,259.4099,265.8974,245.3885,251.6829,684360,7714
2022-06-27,252.8815,257.8869,248.6098,253.6031,1507138,14983
2022-06-28,253.14,259.2724,248.9096,255.0107,1611750,13996
2022-06-29,256.7041,265.9018,254.2069,263.3401,1124446,10276
2022-06-30,263.2564,267.0761,256.3947,260.1696,1025866,12227
2022-07-01,261.1779,263.9086,256.7319,259.4445,992267,8712
2022-07-02,259.4853,261.276,257.0233,258.8093,1330048,13033
2022-07-03,257.5175,264.2145,257.5104,264.2071,841438,8519
2022-07-04,262.9126,268.0587,256.728,261.8533,801429,9393
2022-07-05,261.8739,266.8502,256.2332,261.1967,1313657,14855
2022-07-06,262.7214,264.6234,260.0942,261.9909,808653,3564
2022-07-07,264.0086,265.4691,259.3743,260.817,929745,8141
2022-07-08,262.284,266.8551,252.2794,256.7541,1124744,10070
2022-07-09,257.3433,257.8276,255.0699,255.5508,969490,9419
2022-07-10,256.0859,258.7212,255.521,258.1518,623566,7360
2022-07-11,258.2004,259.9033,249.8477,251.5065,1534446,14749
2022-07-12,250.8639,257.2698,243.5681,249.9507,949950,9097
2022-07-13,249.7584,250.5585,244.0856,244.8701,468132,5460
2022-07-14,246.971,247.8761,246.7301,247.6346,1100726,12408
2022-07-15,248.0888,249.9259,237.4164,239.1875,1263501,11620
2022-07-16,238.2516,239.9361,233.187,234.8475,1626906,11118
2022-07-17,235.1195,236.9684,232.344,234.1856,833834,3503
2022-07-18,235.0761,242.1875,230.9789,238.0386,824525,12258
2022-07-19,239.1557,239.5769,235.1775,235.5924,1032135,9898
2022-07-20,234.5607,236.4508,229.4276,231.2913,1308723,11454
2022-07-21,230.5148,236.2303,230.3885,236.101,730168,8665
2022-07-22,235.5253,238.9081,225.1376,228.4182,1215569,12511
2022-07-23,229.9416,235.6842,212.8333,218.2848,1022453,8830
2022-07-24,216.8452,217.7473,216.8016,217.7035,1068008,13030
2022-07-25,217.1608,219.2264,211.8583,213.8928,899252,7482
2022-07-26,213.2894,216.476,205.3078,208.4217,1376782,10888
2022-07-27,208.2464,208.8132,208.104,208.6706,482400,8075
2022-07-28,210.4558,211.5585,206.3221,207.4088,885265,7935
2022-07-29,208.0443,208.0974,203.5358,203.5877,935377,9793
2022-07-30,203.2383,207.4775,193.5117,197.634,1295137,12073
2022-07-31,199.5102,199.6838,198.105,198.2776,693024,10178
2022-08-01,198.6687,199.5146,197.4135,198.2576,1137138,10162
2022-08-02,196.3693,197.2213,195.1472,195.9975,1519426,11062
2022-08-03,195.5585,202.0019,193.1829,199.5775,340534,6241
2022-08-04,199.5251,199.8141,194.0421,194.3236,1013591,12113
2022-08-05,193.7658,194.3106,187.2937,187.8217,1174756,13697
2022-08-06,187.9146,188.5504,183.3242,183.9466,705367,8567
2022-08-07,182.3195,182.9882,181.3359,182.0034,892165,9865
2022-08-08,181.1148,181.1968,180.8313,180.9132,630159,10932
2022-08-09,180.7361,182.6199,176.5908,178.4507,1177906,10226
2022-08-10,179.212,179.2647,177.6607,177.713,1157586,8825
2022-08-11,177.8082,178.3752,171.8706,172.4203,1194954,10814
2022-08-12,171.0208,178.0754,167.7912,174.7749,951752,11153
2022-08-13,175.0441,177.3246,170.6134,172.8655,1139800,9987
2022-08-14,173.4688,176.5231,171.3307,174.3739,794798,9888
2022-08-15,174.2535,175.2836,172.6802,173.7071,978399,13776
2022-08-16,173.7893,176.6143,170.5706,173.3891,256764,6878
2022-08-17,173.1422,173.6035,172.9583,173.4193,1930187,14134
2022-08-18,172.8562,173.6313,172.3459,173.1202,931080,8834
2022-08-19,174.1392,174.3773,173.1756,173.4127,317830,5867
2022-08-20,173.2127,177.6842,171.3018,175.7454,1446097,12668
2022-08-21,173.6054,175.9622,172.4177,174.7665,759782,9151
2022-08-22,174.5347,175.4051,174.4759,175.346,1086827,8204
2022-08-23,174.8227,177.75,170.6472,173.5533,973277,9935
2022-08-24,174.7353,176.8002,174.3222,176.3832,964917,7618
2022-08-25,176.5457,177.2872,172.0993,172.8252,432700,10052
2022-08-26,172.3143,177.4534,171.6968,176.8197,647171,5248
2022-08-27,177.4572,178.4247,174.2966,175.252,1888800,12455
2022-08-28,174.7566,175.1815,169.0177,169.4296,863546,10542
2022-08-29,168.2592,171.5098,165.2335,168.4802,337820,5652
2022-08-30,167.9482,170.0365,163.0859,165.1392,1369913,11179
2022-08-31,164.6713,167.3688,163.6835,166.3709,811829,7663
2022-09-01,166.0494,167.1047,162.1543,163.1914,1065764,11049
2022-09-02,164.2286,165.8381,159.1239,160.6988,519213,8357
2022-09-03,160.957,164.8259,150.3632,154.0665,1421823,13453
2022-09-04,152.9273,155.4847,149.2015,151.7389,786288,7263
2022-09-05,151.4728,151.8177,143.6778,144.0057,1225978,8331
2022-09-06,144.3305,145.7835,137.4868,138.885,536255,9844
2022-09-07,139.6432,140.0487,139.5451,139.9504,243504,5913
2022-09-08,139.325,141.6719,138.7845,141.1244,952460,3963
2022-09-09,140.4884,142.1155,139.7779,141.4004,982346,12426
2022-09-10,141.2343,142.4962,136.8093,138.0428,1241385,7460
2022-09-11,137.2842,139.0034,135.4383,137.1558,1051619,11546
2022-09-12,135.9541,137.5903,134.7839,136.4162,1202126,11343
2022-09-13,136.6912,138.0126,131.4608,132.7441,767085,9041
2022-09-14,133.8548,136.463,133.2635,135.8628,1379680,8737
2022-09-15,137.3787,139.3013,135.5641,137.4853,1237643,11190
2022-09-16,137.8242,138.9731,135.1582,136.2944,827384,11468
2022-09-17,135.2757,135.972,135.0909,135.7865,1015949,8646
2022-09-18,136.1469,137.3153,134.6176,135.7828,967107,11040
2022-09-19,137.1772,138.2918,128.8953,129.9512,1633817,13238
2022-09-20,130.8402,131.0049,128.7094,128.8716,1262214,13758
2022-09-21,128.49,129.7437,125.5119,126.7486,1001916,11381
2022-09-22,127.0318,127.8431,123.1113,123.9025,1506761,13779
2022-09-23,124.2038,125.4439,121.6476,122.8745,1488176,16423
2022-09-24,123.8516,127.5687,123.1467,126.8468,762830,8895
2022-09-25,126.5969,128.8189,125.9161,128.1299,1094091,8473
2022-09-26,128.6831,128.9038,126.212,126.4288,1348388,9307
